<?xml version="1.0" encoding="UTF-8"?>
<Instruments>
   <Instrument>
      <BCCId>FCA</BCCId>
      <Product>
         <ListingExchange>EEXD</ListingExchange>
         <ProductGroupCode>F</ProductGroupCode>
         <ProductGroupName>Futures</ProductGroupName>
         <Symbol>F1B1</Symbol>
         <Expiry>20150601</Expiry>
         <AlternateIdentification>
            <Type>LOCAL</Type>
            <Identification>EEXDF1B1        FF2015-06-010.</Identification>
         </AlternateIdentification>
         <AlternateIdentification>
            <Type>AII</Type>
            <Identification>EEXDF1B1        FF2015-06-010.</Identification>
         </AlternateIdentification>
      </Product>
      <ProductCurrency>
         <CurrencyCode>EUR</CurrencyCode>
      </ProductCurrency>
      <SettlementType>CASH</SettlementType>
      <AIWI_ind>N</AIWI_ind>
      <PrefCurrencyCodePrice/>
      <ConversionPriceFactor>1</ConversionPriceFactor>
      <EnergyProductType>N</EnergyProductType>
      <ULVProduct>
         <ProductGroupCode>MMM</ProductGroupCode>
         <Symbol>F1B</Symbol>
         <InstrumentIDType>LOCAL</InstrumentIDType>
         <InstrumentIDValue>EPF1B</InstrumentIDValue>
      </ULVProduct>
      <RELProduct/>
   </Instrument>
   <Instrument>
      <BCCId>FCA</BCCId>
      <Product>
         <ListingExchange>EEXD</ListingExchange>
         <ProductGroupCode>F</ProductGroupCode>
         <ProductGroupName>Futures</ProductGroupName>
         <Symbol>F1B4</Symbol>
         <Expiry>20150526</Expiry>
         <AlternateIdentification>
            <Type>LOCAL</Type>
            <Identification>EEXDF1B4        FF2015-05-260.</Identification>
         </AlternateIdentification>
         <AlternateIdentification>
            <Type>AII</Type>
            <Identification>EEXDF1B4        FF2015-05-260.</Identification>
         </AlternateIdentification>
      </Product>
      <ProductCurrency>
         <CurrencyCode>EUR</CurrencyCode>
      </ProductCurrency>
      <SettlementType>CASH</SettlementType>
      <AIWI_ind>N</AIWI_ind>
      <PrefCurrencyCodePrice/>
      <ConversionPriceFactor>1</ConversionPriceFactor>
      <EnergyProductType>N</EnergyProductType>
      <ULVProduct>
         <ProductGroupCode>MMM</ProductGroupCode>
         <Symbol>F1B</Symbol>
         <InstrumentIDType>LOCAL</InstrumentIDType>
         <InstrumentIDValue>EPF1B</InstrumentIDValue>
      </ULVProduct>
      <RELProduct/>
   </Instrument>
   <Instrument>
      <BCCId>FCA</BCCId>
      <Product>
         <ListingExchange>EEXD</ListingExchange>
         <ProductGroupCode>F</ProductGroupCode>
         <ProductGroupName>Futures</ProductGroupName>
         <Symbol>F1BM</Symbol>
         <Expiry>20150529</Expiry>
         <AlternateIdentification>
            <Type>LOCAL</Type>
            <Identification>EEXDF1BM        FF2015-05-290.</Identification>
         </AlternateIdentification>
         <AlternateIdentification>
            <Type>AII</Type>
            <Identification>EEXDF1BM        FF2015-05-290.</Identification>
         </AlternateIdentification>
      </Product>
      <ProductCurrency>
         <CurrencyCode>EUR</CurrencyCode>
      </ProductCurrency>
      <SettlementType>CASH</SettlementType>
      <AIWI_ind>N</AIWI_ind>
      <PrefCurrencyCodePrice/>
      <ConversionPriceFactor>1</ConversionPriceFactor>
      <EnergyProductType>N</EnergyProductType>
      <ULVProduct>
         <ProductGroupCode>MMM</ProductGroupCode>
         <Symbol>F1B</Symbol>
         <InstrumentIDType>LOCAL</InstrumentIDType>
         <InstrumentIDValue>EPF1B</InstrumentIDValue>
      </ULVProduct>
      <RELProduct/>
   </Instrument>
   <Instrument>
      <BCCId>FCA</BCCId>
      <Product>
         <ListingExchange>EEXD</ListingExchange>
         <ProductGroupCode>F</ProductGroupCode>
         <ProductGroupName>Futures</ProductGroupName>
         <Symbol>F1BM</Symbol>
         <Expiry>20150629</Expiry>
         <AlternateIdentification>
            <Type>LOCAL</Type>
            <Identification>EEXDF1BM        FF2015-06-290.</Identification>
         </AlternateIdentification>
         <AlternateIdentification>
            <Type>AII</Type>
            <Identification>EEXDF1BM        FF2015-06-290.</Identification>
         </AlternateIdentification>
      </Product>
      <ProductCurrency>
         <CurrencyCode>EUR</CurrencyCode>
      </ProductCurrency>
      <SettlementType>CASH</SettlementType>
      <AIWI_ind>N</AIWI_ind>
      <PrefCurrencyCodePrice/>
      <ConversionPriceFactor>1</ConversionPriceFactor>
      <EnergyProductType>N</EnergyProductType>
      <ULVProduct>
         <ProductGroupCode>MMM</ProductGroupCode>
         <Symbol>F1B</Symbol>
         <InstrumentIDType>LOCAL</InstrumentIDType>
         <InstrumentIDValue>EPF1B</InstrumentIDValue>
      </ULVProduct>
      <RELProduct/>
   </Instrument>
   <Instrument>
      <BCCId>FCA</BCCId>
      <Product>
         <ListingExchange>EEXD</ListingExchange>
         <ProductGroupCode>F</ProductGroupCode>
         <ProductGroupName>Futures</ProductGroupName>
         <Symbol>F1BQ</Symbol>
         <Expiry>20150626</Expiry>
         <AlternateIdentification>
            <Type>LOCAL</Type>
            <Identification>EEXDF1BQ        FF2015-06-260.</Identification>
         </AlternateIdentification>
         <AlternateIdentification>
            <Type>AII</Type>
            <Identification>EEXDF1BQ        FF2015-06-260.</Identification>
         </AlternateIdentification>
      </Product>
      <ProductCurrency>
         <CurrencyCode>EUR</CurrencyCode>
      </ProductCurrency>
      <SettlementType>CASH</SettlementType>
      <AIWI_ind>N</AIWI_ind>
      <PrefCurrencyCodePrice>
         <CurrencyCode>EUR</CurrencyCode>
      </PrefCurrencyCodePrice>
      <ConversionPriceFactor>1</ConversionPriceFactor>
      <ConversionTradingunit>1</ConversionTradingunit>
      <DeliveredTradingunit>1</DeliveredTradingunit>
      <EnergyProductType>N</EnergyProductType>
      <ULVProduct>
         <ProductGroupCode>MMM</ProductGroupCode>
         <Symbol>F1B</Symbol>
         <InstrumentIDType>LOCAL</InstrumentIDType>
         <InstrumentIDValue>EPF1B</InstrumentIDValue>
      </ULVProduct>
      <RELProduct/>
   </Instrument>
   <Instrument>
      <BCCId>FCA</BCCId>
      <Product>
         <ListingExchange>EEXD</ListingExchange>
         <ProductGroupCode>F</ProductGroupCode>
         <ProductGroupName>Futures</ProductGroupName>
         <Symbol>F1BQ</Symbol>
         <Expiry>20150928</Expiry>
         <AlternateIdentification>
            <Type>LOCAL</Type>
            <Identification>EEXDF1BQ        FF2015-09-280.</Identification>
         </AlternateIdentification>
         <AlternateIdentification>
            <Type>AII</Type>
            <Identification>EEXDF1BQ        FF2015-09-280.</Identification>
         </AlternateIdentification>
      </Product>
      <ProductCurrency>
         <CurrencyCode>EUR</CurrencyCode>
      </ProductCurrency>
      <SettlementType>CASH</SettlementType>
      <AIWI_ind>N</AIWI_ind>
      <PrefCurrencyCodePrice>
         <CurrencyCode>EUR</CurrencyCode>
      </PrefCurrencyCodePrice>
      <ConversionPriceFactor>1</ConversionPriceFactor>
      <ConversionTradingunit>1</ConversionTradingunit>
      <DeliveredTradingunit>1</DeliveredTradingunit>
      <EnergyProductType>N</EnergyProductType>
      <ULVProduct>
         <ProductGroupCode>MMM</ProductGroupCode>
         <Symbol>F1B</Symbol>
         <InstrumentIDType>LOCAL</InstrumentIDType>
         <InstrumentIDValue>EPF1B</InstrumentIDValue>
      </ULVProduct>
      <RELProduct/>
   </Instrument>
   <Instrument>
      <BCCId>FCA</BCCId>
      <Product>
         <ListingExchange>EEXD</ListingExchange>
         <ProductGroupCode>F</ProductGroupCode>
         <ProductGroupName>Futures</ProductGroupName>
         <Symbol>F1BY</Symbol>
         <Expiry>20151229</Expiry>
         <AlternateIdentification>
            <Type>LOCAL</Type>
            <Identification>EEXDF1BY        FF2015-12-290.</Identification>
         </AlternateIdentification>
         <AlternateIdentification>
            <Type>AII</Type>
            <Identification>EEXDF1BY        FF2015-12-290.</Identification>
         </AlternateIdentification>
      </Product>
      <ProductCurrency>
         <CurrencyCode>EUR</CurrencyCode>
      </ProductCurrency>
      <SettlementType>CASH</SettlementType>
      <AIWI_ind>N</AIWI_ind>
      <PrefCurrencyCodePrice/>
      <ConversionPriceFactor>1</ConversionPriceFactor>
      <EnergyProductType>N</EnergyProductType>
      <ULVProduct>
         <ProductGroupCode>MMM</ProductGroupCode>
         <Symbol>F1B</Symbol>
         <InstrumentIDType>LOCAL</InstrumentIDType>
         <InstrumentIDValue>EPF1B</InstrumentIDValue>
      </ULVProduct>
      <RELProduct/>
   </Instrument>
   <Instrument>
      <BCCId>FCA</BCCId>
      <Product>
         <ListingExchange>EEXD</ListingExchange>
         <ProductGroupCode>F</ProductGroupCode>
         <ProductGroupName>Futures</ProductGroupName>
         <Symbol>F7B4</Symbol>
         <Expiry>20150526</Expiry>
         <AlternateIdentification>
            <Type>LOCAL</Type>
            <Identification>EEXDF7B4        FF2015-05-260.</Identification>
         </AlternateIdentification>
         <AlternateIdentification>
            <Type>AII</Type>
            <Identification>EEXDF7B4        FF2015-05-260.</Identification>
         </AlternateIdentification>
      </Product>
      <ProductCurrency>
         <CurrencyCode>EUR</CurrencyCode>
      </ProductCurrency>
      <SettlementType>CASH</SettlementType>
      <AIWI_ind>N</AIWI_ind>
      <PrefCurrencyCodePrice/>
      <ConversionPriceFactor>1</ConversionPriceFactor>
      <EnergyProductType>N</EnergyProductType>
      <ULVProduct>
         <ProductGroupCode>MMM</ProductGroupCode>
         <Symbol>F7B</Symbol>
         <InstrumentIDType>LOCAL</InstrumentIDType>
         <InstrumentIDValue>EPF7B</InstrumentIDValue>
      </ULVProduct>
      <RELProduct/>
   </Instrument>
   <Instrument>
      <BCCId>FCA</BCCId>
      <Product>
         <ListingExchange>EEXD</ListingExchange>
         <ProductGroupCode>F</ProductGroupCode>
         <ProductGroupName>Futures</ProductGroupName>
         <Symbol>F7BQ</Symbol>
         <Expiry>20150626</Expiry>
         <AlternateIdentification>
            <Type>AII</Type>
            <Identification>EEXDF7BQ        FF2015-06-260.</Identification>
         </AlternateIdentification>
         <AlternateIdentification>
            <Type>LOCAL</Type>
            <Identification>EEXDF7BQ        FF2015-06-260.</Identification>
         </AlternateIdentification>
      </Product>
      <ProductCurrency>
         <CurrencyCode>EUR</CurrencyCode>
      </ProductCurrency>
      <SettlementType>CASH</SettlementType>
      <AIWI_ind>N</AIWI_ind>
      <PrefCurrencyCodePrice/>
      <ConversionPriceFactor>1</ConversionPriceFactor>
      <EnergyProductType>N</EnergyProductType>
      <ULVProduct>
         <ProductGroupCode>MMM</ProductGroupCode>
         <Symbol>F7B</Symbol>
         <InstrumentIDType>LOCAL</InstrumentIDType>
         <InstrumentIDValue>EPF7B</InstrumentIDValue>
      </ULVProduct>
      <RELProduct/>
   </Instrument>
   <Instrument>
      <BCCId>FCA</BCCId>
      <Product>
         <ListingExchange>EEXD</ListingExchange>
         <ProductGroupCode>F</ProductGroupCode>
         <ProductGroupName>Futures</ProductGroupName>
         <Symbol>FB23</Symbol>
         <Expiry>20150526</Expiry>
         <AlternateIdentification>
            <Type>LOCAL</Type>
            <Identification>EEXDFB23        FF2015-05-260.</Identification>
         </AlternateIdentification>
         <AlternateIdentification>
            <Type>AII</Type>
            <Identification>EEXDFB23        FF2015-05-260.</Identification>
         </AlternateIdentification>
      </Product>
      <ProductCurrency>
         <CurrencyCode>EUR</CurrencyCode>
      </ProductCurrency>
      <SettlementType>CASH</SettlementType>
      <AIWI_ind>N</AIWI_ind>
      <PrefCurrencyCodePrice/>
      <ConversionPriceFactor>1</ConversionPriceFactor>
      <EnergyProductType>N</EnergyProductType>
      <ULVProduct>
         <ProductGroupCode>MMM</ProductGroupCode>
         <Symbol>1BD</Symbol>
         <InstrumentIDType>LOCAL</InstrumentIDType>
         <InstrumentIDValue>EP1BD</InstrumentIDValue>
      </ULVProduct>
      <RELProduct/>
   </Instrument>
   <Instrument>
      <BCCId>FCA</BCCId>
      <Product>
         <ListingExchange>EEXD</ListingExchange>
         <ProductGroupCode>F</ProductGroupCode>
         <ProductGroupName>Futures</ProductGroupName>
         <Symbol>FB24</Symbol>
         <Expiry>20150526</Expiry>
         <AlternateIdentification>
            <Type>LOCAL</Type>
            <Identification>EEXDFB24        FF2015-05-260.</Identification>
         </AlternateIdentification>
         <AlternateIdentification>
            <Type>AII</Type>
            <Identification>EEXDFB24        FF2015-05-260.</Identification>
         </AlternateIdentification>
      </Product>
      <ProductCurrency>
         <CurrencyCode>EUR</CurrencyCode>
      </ProductCurrency>
      <SettlementType>CASH</SettlementType>
      <AIWI_ind>N</AIWI_ind>
      <PrefCurrencyCodePrice/>
      <ConversionPriceFactor>1</ConversionPriceFactor>
      <EnergyProductType>N</EnergyProductType>
      <ULVProduct>
         <ProductGroupCode>MMM</ProductGroupCode>
         <Symbol>1BD</Symbol>
         <InstrumentIDType>LOCAL</InstrumentIDType>
         <InstrumentIDValue>EP1BD</InstrumentIDValue>
      </ULVProduct>
      <RELProduct/>
   </Instrument>
   <Instrument>
      <BCCId>FCA</BCCId>
      <Product>
         <ListingExchange>EEXD</ListingExchange>
         <ProductGroupCode>F</ProductGroupCode>
         <ProductGroupName>Futures</ProductGroupName>
         <Symbol>FCBY</Symbol>
         <Expiry>20151229</Expiry>
         <AlternateIdentification>
            <Type>LOCAL</Type>
            <Identification>EEXDFCBY        FF2015-12-290.</Identification>
         </AlternateIdentification>
         <AlternateIdentification>
            <Type>AII</Type>
            <Identification>EEXDFCBY        FF2015-12-290.</Identification>
         </AlternateIdentification>
      </Product>
      <ProductCurrency>
         <CurrencyCode>EUR</CurrencyCode>
      </ProductCurrency>
      <SettlementType>CASH</SettlementType>
      <AIWI_ind>N</AIWI_ind>
      <PrefCurrencyCodePrice/>
      <ConversionPriceFactor>1</ConversionPriceFactor>
      <EnergyProductType>N</EnergyProductType>
      <ULVProduct>
         <ProductGroupCode>MMM</ProductGroupCode>
         <Symbol>FCB</Symbol>
         <InstrumentIDType>LOCAL</InstrumentIDType>
         <InstrumentIDValue>EPFCB</InstrumentIDValue>
      </ULVProduct>
      <RELProduct/>
   </Instrument>
   <Instrument>
      <BCCId>FCA</BCCId>
      <Product>
         <ListingExchange>EEXD</ListingExchange>
         <ProductGroupCode>F</ProductGroupCode>
         <ProductGroupName>Futures</ProductGroupName>
         <Symbol>FD23</Symbol>
         <Expiry>20150526</Expiry>
         <AlternateIdentification>
            <Type>LOCAL</Type>
            <Identification>EEXDFD23        FF2015-05-260.</Identification>
         </AlternateIdentification>
         <AlternateIdentification>
            <Type>AII</Type>
            <Identification>EEXDFD23        FF2015-05-260.</Identification>
         </AlternateIdentification>
      </Product>
      <ProductCurrency>
         <CurrencyCode>EUR</CurrencyCode>
      </ProductCurrency>
      <SettlementType>CASH</SettlementType>
      <AIWI_ind>N</AIWI_ind>
      <PrefCurrencyCodePrice/>
      <ConversionPriceFactor>1</ConversionPriceFactor>
      <EnergyProductType>N</EnergyProductType>
      <ULVProduct>
         <ProductGroupCode>MMM</ProductGroupCode>
         <Symbol>FD</Symbol>
         <InstrumentIDType>LOCAL</InstrumentIDType>
         <InstrumentIDValue>EPFD</InstrumentIDValue>
      </ULVProduct>
      <RELProduct/>
   </Instrument>
   <Instrument>
      <BCCId>FCA</BCCId>
      <Product>
         <ListingExchange>EEXD</ListingExchange>
         <ProductGroupCode>F</ProductGroupCode>
         <ProductGroupName>Futures</ProductGroupName>
         <Symbol>FD24</Symbol>
         <Expiry>20150526</Expiry>
         <AlternateIdentification>
            <Type>LOCAL</Type>
            <Identification>EEXDFD24        FF2015-05-260.</Identification>
         </AlternateIdentification>
         <AlternateIdentification>
            <Type>AII</Type>
            <Identification>EEXDFD24        FF2015-05-260.</Identification>
         </AlternateIdentification>
      </Product>
      <ProductCurrency>
         <CurrencyCode>EUR</CurrencyCode>
      </ProductCurrency>
      <SettlementType>CASH</SettlementType>
      <AIWI_ind>N</AIWI_ind>
      <PrefCurrencyCodePrice/>
      <ConversionPriceFactor>1</ConversionPriceFactor>
      <EnergyProductType>N</EnergyProductType>
      <ULVProduct>
         <ProductGroupCode>MMM</ProductGroupCode>
         <Symbol>FD</Symbol>
         <InstrumentIDType>LOCAL</InstrumentIDType>
         <InstrumentIDValue>EPFD</InstrumentIDValue>
      </ULVProduct>
      <RELProduct/>
   </Instrument>
   <Instrument>
      <BCCId>FCA</BCCId>
      <Product>
         <ListingExchange>EEXD</ListingExchange>
         <ProductGroupCode>F</ProductGroupCode>
         <ProductGroupName>Futures</ProductGroupName>
         <Symbol>FDBM</Symbol>
         <Expiry>20150529</Expiry>
         <AlternateIdentification>
            <Type>LOCAL</Type>
            <Identification>EEXDFDBM        FF2015-05-290.</Identification>
         </AlternateIdentification>
         <AlternateIdentification>
            <Type>AII</Type>
            <Identification>EEXDFDBM        FF2015-05-290.</Identification>
         </AlternateIdentification>
      </Product>
      <ProductCurrency>
         <CurrencyCode>EUR</CurrencyCode>
      </ProductCurrency>
      <SettlementType>CASH</SettlementType>
      <AIWI_ind>N</AIWI_ind>
      <PrefCurrencyCodePrice>
         <CurrencyCode>EUR</CurrencyCode>
      </PrefCurrencyCodePrice>
      <EnergyProductType>N</EnergyProductType>
      <ULVProduct>
         <ProductGroupCode>MMM</ProductGroupCode>
         <Symbol>FDB</Symbol>
         <InstrumentIDType>LOCAL</InstrumentIDType>
         <InstrumentIDValue>EPFDB</InstrumentIDValue>
      </ULVProduct>
      <RELProduct/>
   </Instrument>
   <Instrument>
      <BCCId>FCA</BCCId>
      <Product>
         <ListingExchange>EEXD</ListingExchange>
         <ProductGroupCode>F</ProductGroupCode>
         <ProductGroupName>Futures</ProductGroupName>
         <Symbol>FDBM</Symbol>
         <Expiry>20150629</Expiry>
         <AlternateIdentification>
            <Type>LOCAL</Type>
            <Identification>EEXDFDBM        FF2015-06-290.</Identification>
         </AlternateIdentification>
         <AlternateIdentification>
            <Type>AII</Type>
            <Identification>EEXDFDBM        FF2015-06-290.</Identification>
         </AlternateIdentification>
      </Product>
      <ProductCurrency>
         <CurrencyCode>EUR</CurrencyCode>
      </ProductCurrency>
      <SettlementType>CASH</SettlementType>
      <AIWI_ind>N</AIWI_ind>
      <PrefCurrencyCodePrice>
         <CurrencyCode>EUR</CurrencyCode>
      </PrefCurrencyCodePrice>
      <EnergyProductType>N</EnergyProductType>
      <ULVProduct>
         <ProductGroupCode>MMM</ProductGroupCode>
         <Symbol>FDB</Symbol>
         <InstrumentIDType>LOCAL</InstrumentIDType>
         <InstrumentIDValue>EPFDB</InstrumentIDValue>
      </ULVProduct>
      <RELProduct/>
   </Instrument>
   <Instrument>
      <BCCId>FCA</BCCId>
      <Product>
         <ListingExchange>EEXD</ListingExchange>
         <ProductGroupCode>F</ProductGroupCode>
         <ProductGroupName>Futures</ProductGroupName>
         <Symbol>FDBQ</Symbol>
         <Expiry>20150626</Expiry>
         <AlternateIdentification>
            <Type>AII</Type>
            <Identification>EEXDFDBQ        FF2015-06-260.</Identification>
         </AlternateIdentification>
         <AlternateIdentification>
            <Type>LOCAL</Type>
            <Identification>EEXDFDBQ        FF2015-06-260.</Identification>
         </AlternateIdentification>
      </Product>
      <ProductCurrency>
         <CurrencyCode>EUR</CurrencyCode>
      </ProductCurrency>
      <SettlementType>CASH</SettlementType>
      <AIWI_ind>N</AIWI_ind>
      <PrefCurrencyCodePrice/>
      <ConversionPriceFactor>1</ConversionPriceFactor>
      <EnergyProductType>N</EnergyProductType>
      <ULVProduct>
         <ProductGroupCode>MMM</ProductGroupCode>
         <Symbol>FDB</Symbol>
         <InstrumentIDType>LOCAL</InstrumentIDType>
         <InstrumentIDValue>EPFDB</InstrumentIDValue>
      </ULVProduct>
      <RELProduct/>
   </Instrument>
   <Instrument>
      <BCCId>FCA</BCCId>
      <Product>
         <ListingExchange>EEXD</ListingExchange>
         <ProductGroupCode>F</ProductGroupCode>
         <ProductGroupName>Futures</ProductGroupName>
         <Symbol>FDBQ</Symbol>
         <Expiry>20150928</Expiry>
         <AlternateIdentification>
            <Type>LOCAL</Type>
            <Identification>EEXDFDBQ        FF2015-09-280.</Identification>
         </AlternateIdentification>
         <AlternateIdentification>
            <Type>AII</Type>
            <Identification>EEXDFDBQ        FF2015-09-280.</Identification>
         </AlternateIdentification>
      </Product>
      <ProductCurrency>
         <CurrencyCode>EUR</CurrencyCode>
      </ProductCurrency>
      <SettlementType>CASH</SettlementType>
      <AIWI_ind>N</AIWI_ind>
      <PrefCurrencyCodePrice/>
      <ConversionPriceFactor>1</ConversionPriceFactor>
      <EnergyProductType>N</EnergyProductType>
      <ULVProduct>
         <ProductGroupCode>MMM</ProductGroupCode>
         <Symbol>FDB</Symbol>
         <InstrumentIDType>LOCAL</InstrumentIDType>
         <InstrumentIDValue>EPFDB</InstrumentIDValue>
      </ULVProduct>
      <RELProduct/>
   </Instrument>
   <Instrument>
      <BCCId>FCA</BCCId>
      <Product>
         <ListingExchange>EEXD</ListingExchange>
         <ProductGroupCode>F</ProductGroupCode>
         <ProductGroupName>Futures</ProductGroupName>
         <Symbol>FDBQ</Symbol>
         <Expiry>20151229</Expiry>
         <AlternateIdentification>
            <Type>AII</Type>
            <Identification>EEXDFDBQ        FF2015-12-290.</Identification>
         </AlternateIdentification>
         <AlternateIdentification>
            <Type>LOCAL</Type>
            <Identification>EEXDFDBQ        FF2015-12-290.</Identification>
         </AlternateIdentification>
      </Product>
      <ProductCurrency>
         <CurrencyCode>EUR</CurrencyCode>
      </ProductCurrency>
      <SettlementType>CASH</SettlementType>
      <AIWI_ind>N</AIWI_ind>
      <PrefCurrencyCodePrice/>
      <ConversionPriceFactor>1</ConversionPriceFactor>
      <EnergyProductType>N</EnergyProductType>
      <ULVProduct>
         <ProductGroupCode>MMM</ProductGroupCode>
         <Symbol>FDB</Symbol>
         <InstrumentIDType>LOCAL</InstrumentIDType>
         <InstrumentIDValue>EPFDB</InstrumentIDValue>
      </ULVProduct>
      <RELProduct/>
   </Instrument>
   <Instrument>
      <BCCId>FCA</BCCId>
      <Product>
         <ListingExchange>EEXD</ListingExchange>
         <ProductGroupCode>F</ProductGroupCode>
         <ProductGroupName>Futures</ProductGroupName>
         <Symbol>FDBY</Symbol>
         <Expiry>20151229</Expiry>
         <AlternateIdentification>
            <Type>AII</Type>
            <Identification>EEXDFDBY        FF2015-12-290.</Identification>
         </AlternateIdentification>
         <AlternateIdentification>
            <Type>LOCAL</Type>
            <Identification>EEXDFDBY        FF2015-12-290.</Identification>
         </AlternateIdentification>
      </Product>
      <ProductCurrency>
         <CurrencyCode>EUR</CurrencyCode>
      </ProductCurrency>
      <SettlementType>CASH</SettlementType>
      <AIWI_ind>N</AIWI_ind>
      <PrefCurrencyCodePrice/>
      <ConversionPriceFactor>1</ConversionPriceFactor>
      <EnergyProductType>N</EnergyProductType>
      <ULVProduct>
         <ProductGroupCode>MMM</ProductGroupCode>
         <Symbol>FDB</Symbol>
         <InstrumentIDType>LOCAL</InstrumentIDType>
         <InstrumentIDValue>EPFDB</InstrumentIDValue>
      </ULVProduct>
      <RELProduct/>
   </Instrument>
   <Instrument>
      <BCCId>FCA</BCCId>
      <Product>
         <ListingExchange>EEXD</ListingExchange>
         <ProductGroupCode>F</ProductGroupCode>
         <ProductGroupName>Futures</ProductGroupName>
         <Symbol>FWB4</Symbol>
         <Expiry>20150526</Expiry>
         <AlternateIdentification>
            <Type>LOCAL</Type>
            <Identification>EEXDFWB4        FF2015-05-260.</Identification>
         </AlternateIdentification>
         <AlternateIdentification>
            <Type>AII</Type>
            <Identification>EEXDFWB4        FF2015-05-260.</Identification>
         </AlternateIdentification>
      </Product>
      <ProductCurrency>
         <CurrencyCode>EUR</CurrencyCode>
      </ProductCurrency>
      <SettlementType>CASH</SettlementType>
      <AIWI_ind>N</AIWI_ind>
      <PrefCurrencyCodePrice/>
      <ConversionPriceFactor>1</ConversionPriceFactor>
      <EnergyProductType>N</EnergyProductType>
      <ULVProduct>
         <ProductGroupCode>MMM</ProductGroupCode>
         <Symbol>F1B</Symbol>
         <InstrumentIDType>LOCAL</InstrumentIDType>
         <InstrumentIDValue>EPF1B</InstrumentIDValue>
      </ULVProduct>
      <RELProduct/>
   </Instrument>
   <Instrument>
      <BCCId>FCA</BCCId>
      <Product>
         <ProductGroupCode>MMM</ProductGroupCode>
         <ProductGroupName>Others</ProductGroupName>
         <Symbol>1BD</Symbol>
         <AlternateIdentification>
            <Type>LOCAL</Type>
            <Identification>EP1BD</Identification>
         </AlternateIdentification>
      </Product>
      <ProductCurrency/>
      <ProductShortName>PHELIX BASE DAY CSH</ProductShortName>
      <AIWI_ind>N</AIWI_ind>
      <PrefCurrencyCodePrice>
         <CurrencyCode>EUR</CurrencyCode>
      </PrefCurrencyCodePrice>
      <DeliveredTradingunit>24</DeliveredTradingunit>
      <EnergyProductType>B</EnergyProductType>
      <ULVProduct/>
      <RELProduct/>
   </Instrument>
   <Instrument>
      <BCCId>FCA</BCCId>
      <Product>
         <ProductGroupCode>MMM</ProductGroupCode>
         <ProductGroupName>Others</ProductGroupName>
         <Symbol>F1B</Symbol>
         <AlternateIdentification>
            <Type>LOCAL</Type>
            <Identification>EPF1B</Identification>
         </AlternateIdentification>
         <AlternateIdentification>
            <Type>RIC</Type>
            <Identification>F1BQc1</Identification>
         </AlternateIdentification>
      </Product>
      <ProductCurrency/>
      <ProductShortName>PHELIX BASE</ProductShortName>
      <AIWI_ind>N</AIWI_ind>
      <PrefCurrencyCodePrice>
         <CurrencyCode>EUR</CurrencyCode>
      </PrefCurrencyCodePrice>
      <DeliveredTradingunit>24</DeliveredTradingunit>
      <EnergyProductType>B</EnergyProductType>
      <ULVProduct/>
      <RELProduct/>
   </Instrument>
   <Instrument>
      <BCCId>FCA</BCCId>
      <Product>
         <ProductGroupCode>MMM</ProductGroupCode>
         <ProductGroupName>Others</ProductGroupName>
         <Symbol>F7B</Symbol>
         <AlternateIdentification>
            <Type>LOCAL</Type>
            <Identification>EPF7B</Identification>
         </AlternateIdentification>
         <AlternateIdentification>
            <Type>RIC</Type>
            <Identification>F7BYc1</Identification>
         </AlternateIdentification>
         <AlternateIdentification>
            <Type>RIC</Type>
            <Identification>F7BMc1</Identification>
         </AlternateIdentification>
      </Product>
      <ProductCurrency/>
      <ProductShortName>FRENCH BASE POWER</ProductShortName>
      <AIWI_ind>N</AIWI_ind>
      <PrefCurrencyCodePrice>
         <CurrencyCode>EUR</CurrencyCode>
      </PrefCurrencyCodePrice>
      <DeliveredTradingunit>24</DeliveredTradingunit>
      <EnergyProductType>B</EnergyProductType>
      <ULVProduct/>
      <RELProduct/>
   </Instrument>
   <Instrument>
      <BCCId>FCA</BCCId>
      <Product>
         <ProductGroupCode>MMM</ProductGroupCode>
         <ProductGroupName>Others</ProductGroupName>
         <Symbol>FCB</Symbol>
         <AlternateIdentification>
            <Type>LOCAL</Type>
            <Identification>EPFCB</Identification>
         </AlternateIdentification>
         <AlternateIdentification>
            <Type>RIC</Type>
            <Identification>FCBQN5</Identification>
         </AlternateIdentification>
         <AlternateIdentification>
            <Type>RIC</Type>
            <Identification>GFRCHBD1</Identification>
         </AlternateIdentification>
      </Product>
      <ProductCurrency/>
      <ProductShortName>SWISS BASE POWER</ProductShortName>
      <AIWI_ind>N</AIWI_ind>
      <PrefCurrencyCodePrice>
         <CurrencyCode>EUR</CurrencyCode>
      </PrefCurrencyCodePrice>
      <DeliveredTradingunit>24</DeliveredTradingunit>
      <EnergyProductType>B</EnergyProductType>
      <ULVProduct/>
      <RELProduct/>
   </Instrument>
   <Instrument>
      <BCCId>FCA</BCCId>
      <Product>
         <ProductGroupCode>MMM</ProductGroupCode>
         <ProductGroupName>Others</ProductGroupName>
         <Symbol>FD</Symbol>
         <AlternateIdentification>
            <Type>LOCAL</Type>
            <Identification>EPFD</Identification>
         </AlternateIdentification>
      </Product>
      <ProductCurrency/>
      <ProductShortName>ITALIAN BASELOAD DAY</ProductShortName>
      <AIWI_ind>N</AIWI_ind>
      <PrefCurrencyCodePrice>
         <CurrencyCode>EUR</CurrencyCode>
      </PrefCurrencyCodePrice>
      <DeliveredTradingunit>24</DeliveredTradingunit>
      <EnergyProductType>B</EnergyProductType>
      <ULVProduct/>
      <RELProduct/>
   </Instrument>
   <Instrument>
      <BCCId>FCA</BCCId>
      <Product>
         <ProductGroupCode>MMM</ProductGroupCode>
         <ProductGroupName>Others</ProductGroupName>
         <Symbol>FDB</Symbol>
         <AlternateIdentification>
            <Type>LOCAL</Type>
            <Identification>EPFDB</Identification>
         </AlternateIdentification>
      </Product>
      <ProductCurrency/>
      <ProductShortName>ITALIAN BASE POWER</ProductShortName>
      <AIWI_ind>N</AIWI_ind>
      <PrefCurrencyCodePrice>
         <CurrencyCode>EUR</CurrencyCode>
      </PrefCurrencyCodePrice>
      <DeliveredTradingunit>24</DeliveredTradingunit>
      <EnergyProductType>B</EnergyProductType>
      <ULVProduct/>
      <RELProduct/>
   </Instrument>
   <Instrument>
      <BCCId>FCA</BCCId>
      <Product>
         <ProductGroupCode>MMM</ProductGroupCode>
         <ProductGroupName>Others</ProductGroupName>
         <Symbol>PWGDS</Symbol>
         <AlternateIdentification>
            <Type>LOCAL</Type>
            <Identification>EPPWGDS</Identification>
         </AlternateIdentification>
      </Product>
      <ProductCurrency/>
      <ProductShortName>EPEX_ST_POWER_SGD</ProductShortName>
      <AIWI_ind>N</AIWI_ind>
      <PrefCurrencyCodePrice>
         <CurrencyCode>EUR</CurrencyCode>
      </PrefCurrencyCodePrice>
      <EnergyProductType>N</EnergyProductType>
      <ULVProduct/>
      <RELProduct/>
   </Instrument>
   <Instrument>
      <BCCId>FCA</BCCId>
      <Product>
         <ProductGroupCode>MMM</ProductGroupCode>
         <ProductGroupName>Others</ProductGroupName>
         <Symbol>PWMPS</Symbol>
         <AlternateIdentification>
            <Type>LOCAL</Type>
            <Identification>EPPWMPS</Identification>
         </AlternateIdentification>
      </Product>
      <ProductCurrency/>
      <ProductShortName>EPEX_ST_POWER_AMP</ProductShortName>
      <AIWI_ind>N</AIWI_ind>
      <PrefCurrencyCodePrice>
         <CurrencyCode>EUR</CurrencyCode>
      </PrefCurrencyCodePrice>
      <EnergyProductType>N</EnergyProductType>
      <ULVProduct/>
      <RELProduct/>
   </Instrument>
   <Instrument>
      <BCCId>FCA</BCCId>
      <Product>
         <ProductGroupCode>MMM</ProductGroupCode>
         <ProductGroupName>Others</ProductGroupName>
         <Symbol>PWTES</Symbol>
         <AlternateIdentification>
            <Type>LOCAL</Type>
            <Identification>EPPWTES</Identification>
         </AlternateIdentification>
      </Product>
      <ProductCurrency/>
      <ProductShortName>EPEX_ST_POWER_RTE</ProductShortName>
      <AIWI_ind>N</AIWI_ind>
      <PrefCurrencyCodePrice>
         <CurrencyCode>EUR</CurrencyCode>
      </PrefCurrencyCodePrice>
      <DeliveredTradingunit>24</DeliveredTradingunit>
      <EnergyProductType>B</EnergyProductType>
      <ULVProduct/>
      <RELProduct/>
   </Instrument>
</Instruments>