<?xml version="1.0" encoding="UTF-8"?>
<BalanceAndMargin>
   <AccountBalanceAndMargin BCCId="FCA" ClientId="FCA-6810" ClientName="TEI ENERGY SPA">
      <ClientGrossBalance>
         <ProcessingDate>20150525</ProcessingDate>
         <InterestCalculationStatus>D</InterestCalculationStatus>
         <InterestType>C</InterestType>
         <ValueDate>20150504</ValueDate>
         <GrossBalance>
            <Value>983429.1</Value>
            <ValueDC>C</ValueDC>
            <ValueCur>EUR</ValueCur>
         </GrossBalance>
         <DaysAccrued>1</DaysAccrued>
         <InterestRateDebit>0.916</InterestRateDebit>
         <InterestRateCredit>-0.584</InterestRateCredit>
         <InterestAmount>15.95</InterestAmount>
         <InterestAmountDC>D</InterestAmountDC>
         <InterestAmountCur>EUR</InterestAmountCur>
      </ClientGrossBalance>
      <ClientGrossBalance>
         <ProcessingDate>20150525</ProcessingDate>
         <InterestCalculationStatus>D</InterestCalculationStatus>
         <InterestType>C</InterestType>
         <ValueDate>20150505</ValueDate>
         <GrossBalance>
            <Value>2569069.04</Value>
            <ValueDC>C</ValueDC>
            <ValueCur>EUR</ValueCur>
         </GrossBalance>
         <DaysAccrued>1</DaysAccrued>
         <InterestRateDebit>0.915</InterestRateDebit>
         <InterestRateCredit>-0.585</InterestRateCredit>
         <InterestAmount>41.75</InterestAmount>
         <InterestAmountDC>D</InterestAmountDC>
         <InterestAmountCur>EUR</InterestAmountCur>
      </ClientGrossBalance>
      <ClientGrossBalance>
         <ProcessingDate>20150525</ProcessingDate>
         <InterestCalculationStatus>D</InterestCalculationStatus>
         <InterestType>C</InterestType>
         <ValueDate>20150506</ValueDate>
         <GrossBalance>
            <Value>3131326.78</Value>
            <ValueDC>C</ValueDC>
            <ValueCur>EUR</ValueCur>
         </GrossBalance>
         <DaysAccrued>1</DaysAccrued>
         <InterestRateDebit>0.912</InterestRateDebit>
         <InterestRateCredit>-0.588</InterestRateCredit>
         <InterestAmount>51.14</InterestAmount>
         <InterestAmountDC>D</InterestAmountDC>
         <InterestAmountCur>EUR</InterestAmountCur>
      </ClientGrossBalance>
      <ClientGrossBalance>
         <ProcessingDate>20150525</ProcessingDate>
         <InterestCalculationStatus>D</InterestCalculationStatus>
         <InterestType>C</InterestType>
         <ValueDate>20150507</ValueDate>
         <GrossBalance>
            <Value>2877164.77</Value>
            <ValueDC>C</ValueDC>
            <ValueCur>EUR</ValueCur>
         </GrossBalance>
         <DaysAccrued>1</DaysAccrued>
         <InterestRateDebit>0.911</InterestRateDebit>
         <InterestRateCredit>-0.589</InterestRateCredit>
         <InterestAmount>47.07</InterestAmount>
         <InterestAmountDC>D</InterestAmountDC>
         <InterestAmountCur>EUR</InterestAmountCur>
      </ClientGrossBalance>
      <ClientGrossBalance>
         <ProcessingDate>20150525</ProcessingDate>
         <InterestCalculationStatus>D</InterestCalculationStatus>
         <InterestType>C</InterestType>
         <ValueDate>20150508</ValueDate>
         <GrossBalance>
            <Value>2691920.81</Value>
            <ValueDC>C</ValueDC>
            <ValueCur>EUR</ValueCur>
         </GrossBalance>
         <DaysAccrued>3</DaysAccrued>
         <InterestRateDebit>0.913</InterestRateDebit>
         <InterestRateCredit>-0.587</InterestRateCredit>
         <InterestAmount>131.68</InterestAmount>
         <InterestAmountDC>D</InterestAmountDC>
         <InterestAmountCur>EUR</InterestAmountCur>
      </ClientGrossBalance>
      <ClientGrossBalance>
         <ProcessingDate>20150525</ProcessingDate>
         <InterestCalculationStatus>D</InterestCalculationStatus>
         <InterestType>C</InterestType>
         <ValueDate>20150511</ValueDate>
         <GrossBalance>
            <Value>1451581.59</Value>
            <ValueDC>C</ValueDC>
            <ValueCur>EUR</ValueCur>
         </GrossBalance>
         <DaysAccrued>1</DaysAccrued>
         <InterestRateDebit>0.911</InterestRateDebit>
         <InterestRateCredit>-0.589</InterestRateCredit>
         <InterestAmount>23.75</InterestAmount>
         <InterestAmountDC>D</InterestAmountDC>
         <InterestAmountCur>EUR</InterestAmountCur>
      </ClientGrossBalance>
      <ClientGrossBalance>
         <ProcessingDate>20150525</ProcessingDate>
         <InterestCalculationStatus>D</InterestCalculationStatus>
         <InterestType>C</InterestType>
         <ValueDate>20150512</ValueDate>
         <GrossBalance>
            <Value>2998863.44</Value>
            <ValueDC>C</ValueDC>
            <ValueCur>EUR</ValueCur>
         </GrossBalance>
         <DaysAccrued>1</DaysAccrued>
         <InterestRateDebit>0.909</InterestRateDebit>
         <InterestRateCredit>-0.591</InterestRateCredit>
         <InterestAmount>49.23</InterestAmount>
         <InterestAmountDC>D</InterestAmountDC>
         <InterestAmountCur>EUR</InterestAmountCur>
      </ClientGrossBalance>
      <ClientGrossBalance>
         <ProcessingDate>20150525</ProcessingDate>
         <InterestCalculationStatus>D</InterestCalculationStatus>
         <InterestType>C</InterestType>
         <ValueDate>20150513</ValueDate>
         <GrossBalance>
            <Value>3513292.49</Value>
            <ValueDC>C</ValueDC>
            <ValueCur>EUR</ValueCur>
         </GrossBalance>
         <DaysAccrued>1</DaysAccrued>
         <InterestRateDebit>0.863</InterestRateDebit>
         <InterestRateCredit>-0.637</InterestRateCredit>
         <InterestAmount>62.17</InterestAmount>
         <InterestAmountDC>D</InterestAmountDC>
         <InterestAmountCur>EUR</InterestAmountCur>
      </ClientGrossBalance>
      <ClientGrossBalance>
         <ProcessingDate>20150525</ProcessingDate>
         <InterestCalculationStatus>D</InterestCalculationStatus>
         <InterestType>C</InterestType>
         <ValueDate>20150514</ValueDate>
         <GrossBalance>
            <Value>3851879.31</Value>
            <ValueDC>C</ValueDC>
            <ValueCur>EUR</ValueCur>
         </GrossBalance>
         <DaysAccrued>1</DaysAccrued>
         <InterestRateDebit>0.857</InterestRateDebit>
         <InterestRateCredit>-0.643</InterestRateCredit>
         <InterestAmount>68.8</InterestAmount>
         <InterestAmountDC>D</InterestAmountDC>
         <InterestAmountCur>EUR</InterestAmountCur>
      </ClientGrossBalance>
      <ClientGrossBalance>
         <ProcessingDate>20150525</ProcessingDate>
         <InterestCalculationStatus>D</InterestCalculationStatus>
         <InterestType>C</InterestType>
         <ValueDate>20150515</ValueDate>
         <GrossBalance>
            <Value>1559212.06</Value>
            <ValueDC>C</ValueDC>
            <ValueCur>EUR</ValueCur>
         </GrossBalance>
         <DaysAccrued>3</DaysAccrued>
         <InterestRateDebit>0.89</InterestRateDebit>
         <InterestRateCredit>-0.61</InterestRateCredit>
         <InterestAmount>79.26</InterestAmount>
         <InterestAmountDC>D</InterestAmountDC>
         <InterestAmountCur>EUR</InterestAmountCur>
      </ClientGrossBalance>
      <ClientGrossBalance>
         <ProcessingDate>20150525</ProcessingDate>
         <InterestCalculationStatus>D</InterestCalculationStatus>
         <InterestType>C</InterestType>
         <ValueDate>20150518</ValueDate>
         <GrossBalance>
            <Value>1858820.42</Value>
            <ValueDC>C</ValueDC>
            <ValueCur>EUR</ValueCur>
         </GrossBalance>
         <DaysAccrued>1</DaysAccrued>
         <InterestRateDebit>0.895</InterestRateDebit>
         <InterestRateCredit>-0.605</InterestRateCredit>
         <InterestAmount>31.24</InterestAmount>
         <InterestAmountDC>D</InterestAmountDC>
         <InterestAmountCur>EUR</InterestAmountCur>
      </ClientGrossBalance>
      <ClientGrossBalance>
         <ProcessingDate>20150525</ProcessingDate>
         <InterestCalculationStatus>D</InterestCalculationStatus>
         <InterestType>C</InterestType>
         <ValueDate>20150519</ValueDate>
         <GrossBalance>
            <Value>3712383.7</Value>
            <ValueDC>C</ValueDC>
            <ValueCur>EUR</ValueCur>
         </GrossBalance>
         <DaysAccrued>1</DaysAccrued>
         <InterestRateDebit>0.894</InterestRateDebit>
         <InterestRateCredit>-0.606</InterestRateCredit>
         <InterestAmount>62.49</InterestAmount>
         <InterestAmountDC>D</InterestAmountDC>
         <InterestAmountCur>EUR</InterestAmountCur>
      </ClientGrossBalance>
      <ClientGrossBalance>
         <ProcessingDate>20150525</ProcessingDate>
         <InterestCalculationStatus>D</InterestCalculationStatus>
         <InterestType>C</InterestType>
         <ValueDate>20150520</ValueDate>
         <GrossBalance>
            <Value>1417316.06</Value>
            <ValueDC>C</ValueDC>
            <ValueCur>EUR</ValueCur>
         </GrossBalance>
         <DaysAccrued>1</DaysAccrued>
         <InterestRateDebit>0.895</InterestRateDebit>
         <InterestRateCredit>-0.605</InterestRateCredit>
         <InterestAmount>23.82</InterestAmount>
         <InterestAmountDC>D</InterestAmountDC>
         <InterestAmountCur>EUR</InterestAmountCur>
      </ClientGrossBalance>
      <ClientGrossBalance>
         <ProcessingDate>20150525</ProcessingDate>
         <InterestCalculationStatus>D</InterestCalculationStatus>
         <InterestType>C</InterestType>
         <ValueDate>20150521</ValueDate>
         <GrossBalance>
            <Value>1577688.78</Value>
            <ValueDC>C</ValueDC>
            <ValueCur>EUR</ValueCur>
         </GrossBalance>
         <DaysAccrued>1</DaysAccrued>
         <InterestRateDebit>0.894</InterestRateDebit>
         <InterestRateCredit>-0.606</InterestRateCredit>
         <InterestAmount>26.56</InterestAmount>
         <InterestAmountDC>D</InterestAmountDC>
         <InterestAmountCur>EUR</InterestAmountCur>
      </ClientGrossBalance>
      <ClientGrossBalance>
         <ProcessingDate>20150525</ProcessingDate>
         <InterestCalculationStatus>D</InterestCalculationStatus>
         <InterestType>C</InterestType>
         <ValueDate>20150522</ValueDate>
         <GrossBalance>
            <Value>1146230.53</Value>
            <ValueDC>C</ValueDC>
            <ValueCur>EUR</ValueCur>
         </GrossBalance>
         <DaysAccrued>3</DaysAccrued>
         <InterestRateDebit>0.86</InterestRateDebit>
         <InterestRateCredit>-0.64</InterestRateCredit>
         <InterestAmount>61.13</InterestAmount>
         <InterestAmountDC>D</InterestAmountDC>
         <InterestAmountCur>EUR</InterestAmountCur>
      </ClientGrossBalance>
      <ClientGrossBalance>
         <ProcessingDate>20150525</ProcessingDate>
         <InterestCalculationStatus>D</InterestCalculationStatus>
         <InterestType>C</InterestType>
         <ValueDate>20150525</ValueDate>
         <GrossBalance>
            <Value>1710999.96</Value>
            <ValueDC>C</ValueDC>
            <ValueCur>EUR</ValueCur>
         </GrossBalance>
         <DaysAccrued>1</DaysAccrued>
         <InterestRateDebit>0.857</InterestRateDebit>
         <InterestRateCredit>-0.643</InterestRateCredit>
         <InterestAmount>30.56</InterestAmount>
         <InterestAmountDC>D</InterestAmountDC>
         <InterestAmountCur>EUR</InterestAmountCur>
      </ClientGrossBalance>
      <ClientGrossBalance>
         <ProcessingDate>20150525</ProcessingDate>
         <InterestCalculationStatus>D</InterestCalculationStatus>
         <InterestType>C</InterestType>
         <ValueDate>20150504</ValueDate>
         <GrossBalance>
            <Value>137.5</Value>
            <ValueDC>D</ValueDC>
            <ValueCur>GBP</ValueCur>
         </GrossBalance>
         <DaysAccrued>22</DaysAccrued>
         <InterestRateDebit>1.7</InterestRateDebit>
         <InterestRateCredit>-0.15</InterestRateCredit>
         <InterestAmount>0.14</InterestAmount>
         <InterestAmountDC>D</InterestAmountDC>
         <InterestAmountCur>GBP</InterestAmountCur>
      </ClientGrossBalance>
      <MarginGrossBalance>
         <ProcessingDate>20150525</ProcessingDate>
         <OppositeParty>
            <OppositePartyCode>ECC</OppositePartyCode>
         </OppositeParty>
         <InterestCalculationStatus>D</InterestCalculationStatus>
         <InterestType>M</InterestType>
         <ValueDate>20150504</ValueDate>
         <GrossBalance>
            <Value>1114153</Value>
            <ValueDC>D</ValueDC>
            <ValueCur>EUR</ValueCur>
         </GrossBalance>
         <DaysAccrued>1</DaysAccrued>
         <InterestRateDebit>1</InterestRateDebit>
         <InterestAmount>30.95</InterestAmount>
         <InterestAmountDC>D</InterestAmountDC>
         <InterestAmountCur>EUR</InterestAmountCur>
      </MarginGrossBalance>
      <MarginGrossBalance>
         <ProcessingDate>20150525</ProcessingDate>
         <OppositeParty>
            <OppositePartyCode>ECC</OppositePartyCode>
         </OppositeParty>
         <InterestCalculationStatus>D</InterestCalculationStatus>
         <InterestType>M</InterestType>
         <ValueDate>20150505</ValueDate>
         <GrossBalance>
            <Value>1122088</Value>
            <ValueDC>D</ValueDC>
            <ValueCur>EUR</ValueCur>
         </GrossBalance>
         <DaysAccrued>1</DaysAccrued>
         <InterestRateDebit>1</InterestRateDebit>
         <InterestAmount>31.17</InterestAmount>
         <InterestAmountDC>D</InterestAmountDC>
         <InterestAmountCur>EUR</InterestAmountCur>
      </MarginGrossBalance>
      <MarginGrossBalance>
         <ProcessingDate>20150525</ProcessingDate>
         <OppositeParty>
            <OppositePartyCode>ECC</OppositePartyCode>
         </OppositeParty>
         <InterestCalculationStatus>D</InterestCalculationStatus>
         <InterestType>M</InterestType>
         <ValueDate>20150506</ValueDate>
         <GrossBalance>
            <Value>1227905</Value>
            <ValueDC>D</ValueDC>
            <ValueCur>EUR</ValueCur>
         </GrossBalance>
         <DaysAccrued>1</DaysAccrued>
         <InterestRateDebit>1</InterestRateDebit>
         <InterestAmount>34.11</InterestAmount>
         <InterestAmountDC>D</InterestAmountDC>
         <InterestAmountCur>EUR</InterestAmountCur>
      </MarginGrossBalance>
      <MarginGrossBalance>
         <ProcessingDate>20150525</ProcessingDate>
         <OppositeParty>
            <OppositePartyCode>ECC</OppositePartyCode>
         </OppositeParty>
         <InterestCalculationStatus>D</InterestCalculationStatus>
         <InterestType>M</InterestType>
         <ValueDate>20150507</ValueDate>
         <GrossBalance>
            <Value>1381900</Value>
            <ValueDC>D</ValueDC>
            <ValueCur>EUR</ValueCur>
         </GrossBalance>
         <DaysAccrued>1</DaysAccrued>
         <InterestRateDebit>1</InterestRateDebit>
         <InterestAmount>38.39</InterestAmount>
         <InterestAmountDC>D</InterestAmountDC>
         <InterestAmountCur>EUR</InterestAmountCur>
      </MarginGrossBalance>
      <MarginGrossBalance>
         <ProcessingDate>20150525</ProcessingDate>
         <OppositeParty>
            <OppositePartyCode>ECC</OppositePartyCode>
         </OppositeParty>
         <InterestCalculationStatus>D</InterestCalculationStatus>
         <InterestType>M</InterestType>
         <ValueDate>20150508</ValueDate>
         <GrossBalance>
            <Value>1386392</Value>
            <ValueDC>D</ValueDC>
            <ValueCur>EUR</ValueCur>
         </GrossBalance>
         <DaysAccrued>3</DaysAccrued>
         <InterestRateDebit>1</InterestRateDebit>
         <InterestAmount>115.53</InterestAmount>
         <InterestAmountDC>D</InterestAmountDC>
         <InterestAmountCur>EUR</InterestAmountCur>
      </MarginGrossBalance>
      <MarginGrossBalance>
         <ProcessingDate>20150525</ProcessingDate>
         <OppositeParty>
            <OppositePartyCode>ECC</OppositePartyCode>
         </OppositeParty>
         <InterestCalculationStatus>D</InterestCalculationStatus>
         <InterestType>M</InterestType>
         <ValueDate>20150511</ValueDate>
         <GrossBalance>
            <Value>1574223</Value>
            <ValueDC>D</ValueDC>
            <ValueCur>EUR</ValueCur>
         </GrossBalance>
         <DaysAccrued>1</DaysAccrued>
         <InterestRateDebit>1</InterestRateDebit>
         <InterestAmount>43.73</InterestAmount>
         <InterestAmountDC>D</InterestAmountDC>
         <InterestAmountCur>EUR</InterestAmountCur>
      </MarginGrossBalance>
      <MarginGrossBalance>
         <ProcessingDate>20150525</ProcessingDate>
         <OppositeParty>
            <OppositePartyCode>ECC</OppositePartyCode>
         </OppositeParty>
         <InterestCalculationStatus>D</InterestCalculationStatus>
         <InterestType>M</InterestType>
         <ValueDate>20150512</ValueDate>
         <GrossBalance>
            <Value>1666433</Value>
            <ValueDC>D</ValueDC>
            <ValueCur>EUR</ValueCur>
         </GrossBalance>
         <DaysAccrued>1</DaysAccrued>
         <InterestRateDebit>1</InterestRateDebit>
         <InterestAmount>46.29</InterestAmount>
         <InterestAmountDC>D</InterestAmountDC>
         <InterestAmountCur>EUR</InterestAmountCur>
      </MarginGrossBalance>
      <MarginGrossBalance>
         <ProcessingDate>20150525</ProcessingDate>
         <OppositeParty>
            <OppositePartyCode>ECC</OppositePartyCode>
         </OppositeParty>
         <InterestCalculationStatus>D</InterestCalculationStatus>
         <InterestType>M</InterestType>
         <ValueDate>20150513</ValueDate>
         <GrossBalance>
            <Value>1763526</Value>
            <ValueDC>D</ValueDC>
            <ValueCur>EUR</ValueCur>
         </GrossBalance>
         <DaysAccrued>1</DaysAccrued>
         <InterestRateDebit>1</InterestRateDebit>
         <InterestAmount>48.99</InterestAmount>
         <InterestAmountDC>D</InterestAmountDC>
         <InterestAmountCur>EUR</InterestAmountCur>
      </MarginGrossBalance>
      <MarginGrossBalance>
         <ProcessingDate>20150525</ProcessingDate>
         <OppositeParty>
            <OppositePartyCode>ECC</OppositePartyCode>
         </OppositeParty>
         <InterestCalculationStatus>D</InterestCalculationStatus>
         <InterestType>M</InterestType>
         <ValueDate>20150514</ValueDate>
         <GrossBalance>
            <Value>1902360</Value>
            <ValueDC>D</ValueDC>
            <ValueCur>EUR</ValueCur>
         </GrossBalance>
         <DaysAccrued>1</DaysAccrued>
         <InterestRateDebit>1</InterestRateDebit>
         <InterestAmount>52.84</InterestAmount>
         <InterestAmountDC>D</InterestAmountDC>
         <InterestAmountCur>EUR</InterestAmountCur>
      </MarginGrossBalance>
      <MarginGrossBalance>
         <ProcessingDate>20150525</ProcessingDate>
         <OppositeParty>
            <OppositePartyCode>ECC</OppositePartyCode>
         </OppositeParty>
         <InterestCalculationStatus>D</InterestCalculationStatus>
         <InterestType>M</InterestType>
         <ValueDate>20150515</ValueDate>
         <GrossBalance>
            <Value>2050713</Value>
            <ValueDC>D</ValueDC>
            <ValueCur>EUR</ValueCur>
         </GrossBalance>
         <DaysAccrued>3</DaysAccrued>
         <InterestRateDebit>1</InterestRateDebit>
         <InterestAmount>170.89</InterestAmount>
         <InterestAmountDC>D</InterestAmountDC>
         <InterestAmountCur>EUR</InterestAmountCur>
      </MarginGrossBalance>
      <MarginGrossBalance>
         <ProcessingDate>20150525</ProcessingDate>
         <OppositeParty>
            <OppositePartyCode>ECC</OppositePartyCode>
         </OppositeParty>
         <InterestCalculationStatus>D</InterestCalculationStatus>
         <InterestType>M</InterestType>
         <ValueDate>20150518</ValueDate>
         <GrossBalance>
            <Value>1514315</Value>
            <ValueDC>D</ValueDC>
            <ValueCur>EUR</ValueCur>
         </GrossBalance>
         <DaysAccrued>1</DaysAccrued>
         <InterestRateDebit>1</InterestRateDebit>
         <InterestAmount>42.06</InterestAmount>
         <InterestAmountDC>D</InterestAmountDC>
         <InterestAmountCur>EUR</InterestAmountCur>
      </MarginGrossBalance>
      <MarginGrossBalance>
         <ProcessingDate>20150525</ProcessingDate>
         <OppositeParty>
            <OppositePartyCode>ECC</OppositePartyCode>
         </OppositeParty>
         <InterestCalculationStatus>D</InterestCalculationStatus>
         <InterestType>M</InterestType>
         <ValueDate>20150519</ValueDate>
         <GrossBalance>
            <Value>1528704</Value>
            <ValueDC>D</ValueDC>
            <ValueCur>EUR</ValueCur>
         </GrossBalance>
         <DaysAccrued>1</DaysAccrued>
         <InterestRateDebit>1</InterestRateDebit>
         <InterestAmount>42.46</InterestAmount>
         <InterestAmountDC>D</InterestAmountDC>
         <InterestAmountCur>EUR</InterestAmountCur>
      </MarginGrossBalance>
      <MarginGrossBalance>
         <ProcessingDate>20150525</ProcessingDate>
         <OppositeParty>
            <OppositePartyCode>ECC</OppositePartyCode>
         </OppositeParty>
         <InterestCalculationStatus>D</InterestCalculationStatus>
         <InterestType>M</InterestType>
         <ValueDate>20150520</ValueDate>
         <GrossBalance>
            <Value>1500682</Value>
            <ValueDC>D</ValueDC>
            <ValueCur>EUR</ValueCur>
         </GrossBalance>
         <DaysAccrued>1</DaysAccrued>
         <InterestRateDebit>1</InterestRateDebit>
         <InterestAmount>41.69</InterestAmount>
         <InterestAmountDC>D</InterestAmountDC>
         <InterestAmountCur>EUR</InterestAmountCur>
      </MarginGrossBalance>
      <MarginGrossBalance>
         <ProcessingDate>20150525</ProcessingDate>
         <OppositeParty>
            <OppositePartyCode>ECC</OppositePartyCode>
         </OppositeParty>
         <InterestCalculationStatus>D</InterestCalculationStatus>
         <InterestType>M</InterestType>
         <ValueDate>20150521</ValueDate>
         <GrossBalance>
            <Value>1658494</Value>
            <ValueDC>D</ValueDC>
            <ValueCur>EUR</ValueCur>
         </GrossBalance>
         <DaysAccrued>1</DaysAccrued>
         <InterestRateDebit>1</InterestRateDebit>
         <InterestAmount>46.07</InterestAmount>
         <InterestAmountDC>D</InterestAmountDC>
         <InterestAmountCur>EUR</InterestAmountCur>
      </MarginGrossBalance>
      <MarginGrossBalance>
         <ProcessingDate>20150525</ProcessingDate>
         <OppositeParty>
            <OppositePartyCode>ECC</OppositePartyCode>
         </OppositeParty>
         <InterestCalculationStatus>D</InterestCalculationStatus>
         <InterestType>M</InterestType>
         <ValueDate>20150522</ValueDate>
         <GrossBalance>
            <Value>1768529</Value>
            <ValueDC>D</ValueDC>
            <ValueCur>EUR</ValueCur>
         </GrossBalance>
         <DaysAccrued>3</DaysAccrued>
         <InterestRateDebit>1</InterestRateDebit>
         <InterestAmount>147.38</InterestAmount>
         <InterestAmountDC>D</InterestAmountDC>
         <InterestAmountCur>EUR</InterestAmountCur>
      </MarginGrossBalance>
      <MarginGrossBalance>
         <ProcessingDate>20150525</ProcessingDate>
         <OppositeParty>
            <OppositePartyCode>ECC</OppositePartyCode>
         </OppositeParty>
         <InterestCalculationStatus>D</InterestCalculationStatus>
         <InterestType>M</InterestType>
         <ValueDate>20150525</ValueDate>
         <GrossBalance>
            <Value>2045327</Value>
            <ValueDC>D</ValueDC>
            <ValueCur>EUR</ValueCur>
         </GrossBalance>
         <DaysAccrued>1</DaysAccrued>
         <InterestRateDebit>1</InterestRateDebit>
         <InterestAmount>56.81</InterestAmount>
         <InterestAmountDC>D</InterestAmountDC>
         <InterestAmountCur>EUR</InterestAmountCur>
      </MarginGrossBalance>
   </AccountBalanceAndMargin>
</BalanceAndMargin>